PassengerId;Survived;Pclass;Name;Sex;Age;Ticket N;Cabin;"
Boarding time";Ticket Cost
1;0;3;Braund, Mr. Owen Harris;male;66;A/5 21171;B12+H2:H47;00:02:21;517
2;1;1;Cumings, Mrs. John Bradley (Florence Briggs Thayer);female;67;PC 17599;C85;07:51:40;527
3;1;3;Heikkinen, Miss. Laina;female;39;STON/O2. 3101282;;10:17:36;877
4;1;1;Futrelle, Mrs. Jacques Heath (Lily May Peel);female;55;113803;C123;16:44:12;794
5;0;3;Allen, Mr. William Henry;male;26;373450;C123;15:51:14;548
6;0;3;Moran, Mr. James;male;54;330877;G1;09:54:32;622
7;0;1;McCarthy, Mr. Timothy J;male;33;17463;E46;22:24:21;611
8;0;3;Palsson, Master. Gosta Leonard;male;44;349909;C21;16:46:16;857
9;1;3;Johnson, Mrs. Oscar W (Elisabeth Vilhelmina Berg);female;8;347742;A22;02:35:47;604
10;1;2;Nasser, Mrs. Nicholas (Adele Achem);female;24;237736;A111;14:53:01;460
11;1;3;Sandstrom, Miss. Marguerite Rut;female;28;PP 9549;G6;14:42:16;2680
12;1;1;Bonnell, Miss. Elizabeth;female;16;113783;C103;02:23:52;492
13;0;3;Saundercock, Mr. William Henry;male;57;A/5. 2151;A13;05:09:59;518
14;0;3;Andersson, Mr. Anders Johan;male;35;347082;CT52;05:38:54;701
15;0;3;Vestrom, Miss. Hulda Amanda Adolfina;female;18;350406;C2;09:03:20;754
16;1;2;Hewlett, Mrs. (Mary D Kingcome) ;female;21;248706;A12;09:11:07;804
17;0;3;Rice, Master. Eugene;male;14;382652;G44;11:23:58;818
18;1;2;Williams, Mr. Charles Eugene;male;57;244373;G12;05:21:39;501
19;0;3;Vander Planke, Mrs. Julius (Emelia Maria Vandemoortele);female;57;345763;B13;17:15:28;521
20;1;3;Masselmani, Mrs. Fatima;female;45;2649;C85;20:46:00;512
21;0;2;Fynney, Mr. Joseph J;male;63;239865;B12;21:33:29;587
22;1;2;Beesley, Mr. Lawrence;male;69;248698;C123;11:03:59;2405
23;1;3;"McGowan, Miss. Anna ""Annie""";female;10;330923;C123;07:33:16;821
24;1;1;Sloper, Mr. William Thompson;male;49;113788;G2;23:08:27;803
25;0;3;Palsson, Miss. Torborg Danira;female;67;349909;E47;01:01:10;852
26;1;3;Asplund, Mrs. Carl Oscar (Selma Augusta Emilia Johansson);female;36;347077;C22;01:20:43;604
27;0;3;Emir, Mr. Farred Chehab;male;25;2631;A200;09:04:03;605
28;0;1;Fortune, Mr. Charles Alexander;male;13;19950;C23 C25 C27;14:05:39;730
29;1;3;"O'Dwyer, Miss. Ellen ""Nellie""";female;41;330959;B13;20:41:24;868
30;0;3;Todoroff, Mr. Lalio;male;4;349216;C85;07:52:43;549
31;0;1;Uruchurtu, Don. Manuel E;male;10;PC 17601;B12;10:48:30;650
32;1;1;Spencer, Mrs. William Augustus (Marie Eugenie);female;40;PC 17569;C123;02:30:12;622
33;1;3;Glynn, Miss. Mary Agatha;female;4;335677;C123;19:09:17;2721
34;0;2;Wheadon, Mr. Edward H;male;54;C.A. 24579;G2;11:28:14;508
35;0;1;Meyer, Mr. Edgar Joseph;male;36;PC 17604;E47;14:19:21;618
36;0;1;Holverson, Mr. Alexander Oskar;male;4;113789;C22;00:28:54;894
37;1;3;Mamee, Mr. Hanna;male;45;2677;A200;18:15:06;822
38;0;3;Cann, Mr. Ernest Charles;male;22;A./5. 2152;A289;06:20:08;728
39;0;3;Vander Planke, Miss. Augusta Maria;female;39;345764;G7;00:51:05;710
40;1;3;Nicola-Yarred, Miss. Jamila;female;62;2651;C104;17:38:58;754
41;0;3;Ahlin, Mrs. Johan (Johanna Persdotter Larsson);female;10;7546;A14;05:22:38;536
42;0;2;Turpin, Mrs. William John Robert (Dorothy Ann Wonnacott);female;45;11668;CT53;10:35:18;806
43;0;3;Kraeff, Mr. Theodor;male;54;349253;C3;07:03:57;746
44;1;2;Laroche, Miss. Simonne Marie Anne Andree;female;44;SC/Paris 2123;A13;01:47:56;2596
45;1;3;Devaney, Miss. Margaret Delia;female;12;330958;G20;02:50:11;662
46;0;3;Rogers, Mr. William John;male;57;S.C./A.4. 23567;G52;13:36:46;714
47;0;3;Lennon, Mr. Denis;male;53;370371;B14;23:32:36;488
48;1;3;O'Driscoll, Miss. Bridget;female;37;14311;C86;15:49:25;598
49;0;3;Samaan, Mr. Youssef;male;48;2662;B13;18:13:26;832
50;0;3;Arnold-Franchi, Mrs. Josef (Josefine Franchi);female;8;349237;C123;11:47:39;724
51;0;3;Panula, Master. Juha Niilo;male;14;3101295;C123;09:42:33;608
52;0;3;Nosworthy, Mr. Richard Cater;male;65;A/4. 39886;G3;05:11:39;566
53;1;1;Harper, Mrs. Henry Sleeper (Myna Haxtun);female;7;PC 17572;E48;15:34:43;852
54;1;2;Faunthorpe, Mrs. Lizzie (Elizabeth Anne Wilkinson);female;9;2926;C23;23:52:28;462
55;0;1;Ostby, Mr. Engelhart Cornelius;male;12;113509;A201;14:08:54;2415
56;1;1;Woolner, Mr. Hugh;male;52;19947;C23 C25 C28;18:13:41;540
57;1;2;Rugg, Miss. Emily;female;28;C.A. 31026;B14;02:23:36;824
58;0;3;Novel, Mr. Mansouer;male;48;2697;C85;17:40:32;581
59;1;2;West, Miss. Constance Mirium;female;61;C.A. 34651;A111;08:44:45;529
60;0;3;Goodwin, Master. William Frederick;male;59;CA 2144;C123;22:54:17;687
61;0;3;Sirayanian, Mr. Orsen;male;56;2669;C123;19:40:16;821
62;1;1;Icard, Miss. Amelie;female;65;113572;G3;22:28:36;881
63;0;1;Harris, Mr. Henry Birkhardt;male;10;36973;E48;06:13:14;814
64;0;3;Skoog, Master. Harald;male;51;347088;C23;21:02:54;710
65;0;1;Stewart, Mr. Albert A;male;20;PC 17605;A378;02:47:38;553
66;1;3;Moubarek, Master. Gerios;male;48;2661;A467;23:03:09;1554
67;1;2;Nye, Mrs. (Elizabeth Ramell);female;15;C.A. 29395;G8;11:22:27;873
68;0;3;Crease, Mr. Ernest James;male;40;S.P. 3464;C105;16:54:01;670
69;1;3;Andersson, Miss. Erna Alexandra;female;14;3101281;A15;19:41:50;697
70;0;3;Kink, Mr. Vincenz;male;44;315151;CT54;02:26:41;634
71;0;2;Jenkin, Mr. Stephen Curnow;male;27;C.A. 33111;C4;10:00:00;896
72;0;3;Goodwin, Miss. Lillian Amy;female;15;CA 2144;A14;22:33:36;720
73;0;2;Hood, Mr. Ambrose Jr;male;8;S.O.C. 14879;G84;17:43:35;740
74;0;3;Chronopoulos, Mr. Apostolos;male;33;2680;G116;07:07:06;612
75;1;3;Bing, Mr. Lee;male;35;1601;B15;07:12:08;849
76;0;3;Moen, Mr. Sigurd Hansen;male;8;348123;C87;23:44:44;717
77;0;3;Staneff, Mr. Ivan;male;53;349208;B14;21:33:43;1976
78;0;3;Moutal, Mr. Rahamin Haim;male;11;374746;C123;09:59:52;575
79;1;2;Caldwell, Master. Alden Gates;male;42;248738;C123;13:49:34;512
80;1;3;Dowdell, Miss. Elizabeth;female;4;364516;G4;23:53:33;883
81;0;3;Waelens, Mr. Achille;male;12;345767;E49;17:32:30;649
82;1;3;Sheerlinck, Mr. Jan Baptist;male;18;345779;C24;06:53:12;759
83;1;3;McDermott, Miss. Brigdet Delia;female;64;330932;A202;06:15:07;477
84;0;1;Carrau, Mr. Francisco M;male;26;113059;C23 C25 C29;03:31:40;833
85;1;2;Ilett, Miss. Bertha;female;31;SO/C 14885;B15;09:31:34;760
86;1;3;Backstrom, Mrs. Karl Alfred (Maria Mathilda Gustafsson);female;20;3101278;C85;07:31:44;885
87;0;3;Ford, Mr. William Neal;male;65;W./C. 6608;C1;10:06:48;806
88;0;3;Slocovski, Mr. Selman Francis;male;50;SOTON/OQ 392086;C123;01:27:39;1941
89;1;1;Fortune, Miss. Mabel Helen;female;38;19950;C23 C25 C27;17:30:38;514
90;0;3;Celotti, Mr. Francesco;male;70;343275;B15;07:24:10;604
91;0;3;Christmann, Mr. Emil;male;7;343276;B96 B98;02:14:09;834
92;0;3;Andreasson, Mr. Paul Edvin;male;9;347466;B12+H2:H48;21:23:52;503
93;0;1;Chaffee, Mr. Herbert Fuller;male;65;W.E.P. 5734;C85;07:54:33;708
94;0;3;Dean, Mr. Bertram Frank;male;70;C.A. 2315;;08:17:27;472
95;0;3;Coxon, Mr. Daniel;male;45;364500;C123;14:23:39;511
96;0;3;Shorney, Mr. Charles Joseph;male;26;374910;C123;10:41:11;655
97;0;1;Goldschmidt, Mr. George B;male;50;PC 17754;G2;18:14:49;525
98;1;1;Greenfield, Mr. William Bertram;male;51;PC 17759;E47;13:35:01;620
99;1;2;Doling, Mrs. John T (Ada Julia Bone);female;20;231919;C22;11:37:58;1473
100;0;2;Kantor, Mr. Sinai;male;16;244367;A200;22:53:55;679
101;0;3;Petranec, Miss. Matilda;female;65;349245;A289;21:55:55;542
102;0;3;"Petroff, Mr. Pastcho (""Pentcho"")";male;26;349215;G7;14:59:19;543
103;0;1;White, Mr. Richard Frasar;male;35;35281;C104;20:36:20;784
104;0;3;Johansson, Mr. Gustaf Joel;male;32;7540;A14;09:22:04;804
105;0;3;Gustafsson, Mr. Anders Vilhelm;male;39;3101276;CT53;03:00:15;514
106;0;3;Mionoff, Mr. Stoytcho;male;64;349207;C3;01:31:13;743
107;1;3;Salkjelsvik, Miss. Anna Kristine;female;7;343120;A13;06:38:27;674
108;1;3;Moss, Mr. Albert Johan;male;67;312991;G20;12:06:03;888
109;0;3;Rekic, Mr. Tido;male;37;349249;G52;21:41:10;835
110;1;3;Moran, Miss. Bertha;female;18;371110;B14;02:13:53;2592
111;0;1;Porter, Mr. Walter Chamberlain;male;21;110465;C86;15:34:10;515
112;0;3;Zabour, Miss. Hileni;female;53;2665;B13;09:34:25;819
113;0;3;Barton, Mr. David John;male;3;324669;C123;04:48:54;824
114;0;3;Jussila, Miss. Katriina;female;20;4136;C123;16:46:54;739
115;0;3;Attalah, Miss. Malake;female;25;2627;G3;18:37:36;725
116;0;3;Pekoniemi, Mr. Edvard;male;7;STON/O 2. 3101294;E48;16:12:27;683
117;0;3;Connors, Mr. Patrick;male;69;370369;C23;00:45:26;693
118;0;2;Turpin, Mr. William John Robert;male;3;11668;A201;06:58:12;516
119;0;1;Baxter, Mr. Quigg Edmond;male;37;PC 17558;C23 C25 C28;10:36:15;871
120;0;3;Andersson, Miss. Ellis Anna Maria;female;5;347082;B14;23:49:56;695
121;0;2;Hickman, Mr. Stanley George;male;54;S.O.C. 14879;C86;10:57:49;1539
122;0;3;Moore, Mr. Leonard Charles;male;37;A4. 54510;B13;16:56:58;821
123;0;2;Nasser, Mr. Nicholas;male;54;237736;C123;23:51:29;603
124;1;2;Webber, Miss. Susan;female;51;27267;C123;02:04:34;825
125;0;1;White, Mr. Percival Wayland;male;63;35281;G3;02:58:51;465
126;1;3;Nicola-Yarred, Master. Elias;male;36;2651;E48;14:39:04;846
127;0;3;McMahon, Mr. Martin;male;36;370372;C23;05:37:04;621
128;1;3;Madsen, Mr. Fridtjof Arne;male;4;C 17369;A378;15:39:06;525
129;1;3;Peter, Miss. Anna;female;16;2668;A467;08:43:45;828
130;0;3;Ekstrom, Mr. Johan;male;70;347061;G8;17:02:04;462
131;0;3;Drazenoic, Mr. Jozef;male;17;349241;C105;22:37:00;881
132;0;3;Coelho, Mr. Domingos Fernandeo;male;13;SOTON/O.Q. 3101307;A15;23:42:03;1440
133;0;3;Robins, Mrs. Alexander A (Grace Charity Laury);female;52;A/5. 3337;CT54;10:18:15;576
134;1;2;Weisz, Mrs. Leopold (Mathilde Francoise Pede);female;7;228414;C4;00:30:48;543
135;0;2;Sobey, Mr. Samuel James Hayden;male;54;C.A. 29178;A14;16:34:42;757
136;0;2;Richard, Mr. Emile;male;51;SC/PARIS 2133;G84;15:14:28;541
137;1;1;Newsom, Miss. Helen Monypeny;female;69;11752;G116;11:26:31;633
138;0;1;Futrelle, Mr. Jacques Heath;male;5;113803;B15;22:33:04;810
139;0;3;Osen, Mr. Olaf Elon;male;56;7534;C87;07:07:17;897
140;0;1;Giglio, Mr. Victor;male;10;PC 17593;B14;12:12:24;463
141;0;3;Boulos, Mrs. Joseph (Sultana);female;16;2678;C123;03:21:41;855
142;1;3;Nysten, Miss. Anna Sofia;female;50;347081;C123;12:42:11;829
143;1;3;Hakkarainen, Mrs. Pekka Pietari (Elin Matilda Dolck);female;8;STON/O2. 3101279;G4;10:47:53;2347
144;0;3;Burke, Mr. Jeremiah;male;48;365222;E49;21:19:23;462
145;0;2;Andrew, Mr. Edgardo Samuel;male;25;231945;C24;07:00:22;681
146;0;2;Nicholls, Mr. Joseph Charles;male;18;C.A. 33112;A202;06:10:13;476
147;1;3;"Andersson, Mr. August Edvard (""Wennerstrom"")";male;16;350043;C23 C25 C29;06:29:52;548
148;0;3;"Ford, Miss. Robina Maggie ""Ruby""";female;5;W./C. 6608;B15;09:07:43;710
149;0;2;"Navratil, Mr. Michel (""Louis M Hoffman"")";male;13;230080;C86;20:26:56;753
150;0;2;Byles, Rev. Thomas Roussel Davids;male;20;244310;A112;13:02:18;710
151;0;2;Bateman, Rev. Robert James;male;62;S.O.P. 1166;C123;12:29:26;846
152;1;1;Pears, Mrs. Thomas (Edith Wearne);female;70;113776;C123;09:46:02;641
153;0;3;Meo, Mr. Alfonzo;male;17;A.5. 11206;G4;06:14:15;661
154;0;3;van Billiard, Mr. Austin Blyler;male;35;A/5. 851;E49;03:34:01;2374
155;0;3;Olsen, Mr. Ole Martin;male;31;Fa 265302;C24;07:37:50;696
156;0;1;Williams, Mr. Charles Duane;male;34;PC 17597;A556;20:55:08;599
157;1;3;"Gilnagh, Miss. Katherine ""Katie""";female;66;35851;A645;00:55:00;861
158;0;3;Corn, Mr. Harry;male;48;SOTON/OQ 392090;G9;01:23:40;473
159;0;3;Smiljanic, Mr. Mile;male;34;315037;C106;09:28:56;474
160;0;3;Sage, Master. Thomas Henry;male;10;CA. 2343;A16;05:18:51;889
161;0;3;Cribb, Mr. John Hatfield;male;5;371362;CT55;03:25:57;741
162;1;2;"Watt, Mrs. James (Elizabeth ""Bessie"" Inglis Milne)";female;6;C.A. 33595;C5;16:49:25;743
163;0;3;Bengtsson, Mr. John Viktor;male;9;347068;A15;15:10:06;814
164;0;3;Calic, Mr. Jovo;male;70;315093;G148;14:45:45;791
165;0;3;Panula, Master. Eino Viljami;male;70;3101295;G180;07:58:30;1362
166;1;3;"Goldsmith, Master. Frank John William ""Frankie""";male;29;363291;B16;11:30:51;761
167;1;1;Chibnall, Mrs. (Edith Martha Bowerman);female;24;113505;C88;14:37:46;791
168;0;3;Skoog, Mrs. William (Anna Bernhardina Karlsson);female;42;347088;B15;00:20:44;535
169;0;1;Baumann, Mr. John D;male;63;PC 17318;C123;10:01:13;611
170;0;3;Ling, Mr. Lee;male;55;1601;C123;13:15:46;742
171;0;1;Van der hoef, Mr. Wyckoff;male;8;111240;G5;15:55:50;568
172;0;3;Rice, Master. Arthur;male;57;382652;E50;05:22:31;494
173;1;3;Johnson, Miss. Eleanor Ileen;female;65;347742;C25;18:00:00;475
174;0;3;Sivola, Mr. Antti Wilhelm;male;56;STON/O 2. 3101280;A203;14:45:19;592
175;0;1;Smith, Mr. James Clinch;male;64;17764;C23 C25 C30;10:32:27;625
176;0;3;Klasen, Mr. Klas Albin;male;13;350404;B16;14:26:07;2057
177;0;3;Lefebre, Master. Henry Forbes;male;51;4133;C85;15:43:50;475
178;0;1;Isham, Miss. Ann Elizabeth;female;56;PC 17595;C1;13:58:26;841
179;0;2;Hale, Mr. Reginald;male;32;250653;C123;13:28:18;717
180;0;3;Leonard, Mr. Lionel;male;14;LINE;C23 C25 C28;19:46:19;865
181;0;3;Sage, Miss. Constance Gladys;female;63;CA. 2343;B16;15:51:14;585
182;0;2;Pernot, Mr. Rene;male;48;SC/PARIS 2131;B96 B99;06:35:34;767
183;0;3;Asplund, Master. Clarence Gustaf Hugo;male;27;347077;B12+H2:H49;05:23:08;818
184;1;2;Becker, Master. Richard F;male;31;230136;C85;20:38:33;619
185;1;3;Kink-Heilmann, Miss. Luise Gretchen;female;10;315153;;04:04:49;577
186;0;1;Rood, Mr. Hugh Roscoe;male;69;113767;C123;12:38:22;643
187;1;3;"O'Brien, Mrs. Thomas (Johanna ""Hannah"" Godfrey)";female;33;370365;C123;13:14:01;1628
188;1;1;"Romaine, Mr. Charles Hallace (""Mr C Rolmane"")";male;19;111428;G3;23:33:46;879
189;0;3;Bourke, Mr. John;male;3;364849;E48;13:13:37;620
190;0;3;Turcin, Mr. Stjepan;male;37;349247;C23;20:21:49;742
191;1;2;Pinsky, Mrs. (Rosa);female;20;234604;A378;04:51:46;657
192;0;2;Carbines, Mr. William;male;29;28424;A467;00:53:14;828
193;1;3;Andersen-Jensen, Miss. Carla Christine Nielsine;female;46;350046;G8;20:16:15;477
194;1;2;Navratil, Master. Michel M;male;23;230080;C105;22:30:13;724
195;1;1;Brown, Mrs. James Joseph (Margaret Tobin);female;22;PC 17610;A15;03:04:54;623
196;1;1;Lurette, Miss. Elise;female;54;PC 17569;CT54;13:18:14;613
197;0;3;Mernagh, Mr. Robert;male;33;368703;C4;13:56:38;776
198;0;3;Olsen, Mr. Karl Siegwart Andreas;male;2;4579;A14;12:04:58;2097
199;1;3;"Madigan, Miss. Margaret ""Maggie""";female;36;370370;G84;12:08:19;721
200;0;2;"Yrois, Miss. Henriette (""Mrs Harbeck"")";female;69;248747;G116;04:54:11;657
201;0;3;Vande Walle, Mr. Nestor Cyriel;male;11;345770;B15;08:17:44;488
202;0;3;Sage, Mr. Frederick;male;5;CA. 2343;C87;05:15:22;799
203;0;3;Johanson, Mr. Jakob Alfred;male;36;3101264;B14;19:57:21;730
204;0;3;Youseff, Mr. Gerious;male;6;2628;C123;01:06:44;728
205;1;3;"Cohen, Mr. Gurshon ""Gus""";male;56;A/5 3540;C123;23:53:01;870
206;0;3;Strom, Miss. Telma Matilda;female;59;347054;G4;22:58:54;820
207;0;3;Backstrom, Mr. Karl Alfred;male;70;3101278;E49;22:09:32;660
208;1;3;Albimona, Mr. Nassef Cassem;male;63;2699;C24;22:22:30;842
209;1;3;"Carr, Miss. Helen ""Ellen""";female;39;367231;A202;23:05:09;2389
210;1;1;Blank, Mr. Henry;male;70;112277;C23 C25 C29;20:09:52;592
211;0;3;Ali, Mr. Ahmed;male;12;SOTON/O.Q. 3101311;B15;03:07:36;630
212;1;2;Cameron, Miss. Clear Annie;female;17;F.C.C. 13528;C87;14:58:56;477
213;0;3;Perkin, Mr. John Henry;male;70;A/5 21174;B14;22:34:23;660
214;0;2;Givard, Mr. Hans Kristensen;male;63;250646;C123;08:35:05;696
215;0;3;Kiernan, Mr. Philip;male;25;367229;C123;11:13:10;861
216;1;1;Newell, Miss. Madeleine;female;51;35273;G4;17:19:28;509
217;1;3;Honkanen, Miss. Eliina;female;26;STON/O2. 3101283;E49;18:55:29;466
218;0;2;Jacobsohn, Mr. Sidney Samuel;male;11;243847;C24;07:24:04;598
219;1;1;Bazzani, Miss. Albina;female;35;11813;A556;12:38:46;640
220;0;2;Harris, Mr. Walter;male;69;W/C 14208;A645;14:13:41;2191
221;1;3;Sunderland, Mr. Victor Francis;male;22;SOTON/OQ 392089;G9;14:14:55;724
222;0;2;Bracken, Mr. James H;male;54;220367;C106;00:00:52;597
223;0;3;Green, Mr. George Henry;male;70;21440;A16;17:26:30;572
224;0;3;Nenkoff, Mr. Christo;male;65;349234;CT55;09:25:23;685
225;1;1;Hoyt, Mr. Frederick Maxfield;male;66;19943;C5;01:57:58;631
226;0;3;Berglund, Mr. Karl Ivar Sven;male;67;PP 4348;A15;00:21:04;530
227;1;2;Mellors, Mr. William John;male;7;SW/PP 751;G148;18:39:08;596
228;0;3;"Lovell, Mr. John Hall (""Henry"")";male;26;A/5 21173;G180;10:13:47;836
229;0;2;Fahlstrom, Mr. Arne Jonas;male;41;236171;B16;09:22:46;824
230;0;3;Lefebre, Miss. Mathilde;female;16;4133;C88;21:48:57;658
231;1;1;Harris, Mrs. Henry Birkhardt (Irene Wallach);female;58;36973;B15;17:09:10;2448
232;0;3;Larsson, Mr. Bengt Edvin;male;67;347067;C123;15:23:11;562
233;0;2;Sjostedt, Mr. Ernst Adolf;male;67;237442;C123;16:39:20;524
234;1;3;Asplund, Miss. Lillian Gertrud;female;14;347077;G5;12:26:28;571
235;0;2;Leyson, Mr. Robert William Norman;male;8;C.A. 29566;E50;09:07:04;495
236;0;3;Harknett, Miss. Alice Phoebe;female;35;W./C. 6609;C25;01:54:51;791
237;0;2;Hold, Mr. Stephen;male;29;26707;A203;11:46:17;634
238;1;2;"Collyer, Miss. Marjorie ""Lottie""";female;3;C.A. 31921;C23 C25 C30;22:03:10;864
239;0;2;Pengelly, Mr. Frederick William;male;25;28665;B16;06:32:30;635
240;0;2;Hunt, Mr. George Henry;male;43;SCO/W 1585;C87;23:16:20;534
241;0;3;Zabour, Miss. Thamine;female;10;2665;A113;10:14:25;882
242;1;3;"Murphy, Miss. Katherine ""Kate""";female;33;367230;C123;10:35:10;2332
243;0;2;Coleridge, Mr. Reginald Charles;male;70;W./C. 14263;C123;10:29:44;775
244;0;3;Maenpaa, Mr. Matti Alexanteri;male;43;STON/O 2. 3101275;G5;21:41:22;779
245;0;3;Attalah, Mr. Sleiman;male;49;2694;E50;05:30:28;791
246;0;1;Minahan, Dr. William Edward;male;36;19928;C25;14:39:14;575
247;0;3;Lindahl, Miss. Agda Thorilda Viktoria;female;58;347071;A734;20:44:31;497
248;1;2;Hamalainen, Mrs. William (Anna);female;31;250649;A823;08:05:10;644
249;1;1;Beckwith, Mr. Richard Leonard;male;43;11751;G10;14:44:58;849
250;0;2;Carter, Rev. Ernest Courtenay;male;65;244252;C107;04:53:04;715
251;0;3;Reed, Mr. James George;male;5;362316;A17;20:49:24;620
252;0;3;Strom, Mrs. Wilhelm (Elna Matilda Persson);female;56;347054;CT56;20:10:46;466
253;0;1;Stead, Mr. William Thomas;male;64;113514;C6;18:58:06;2707
254;0;3;Lobb, Mr. William Arthur;male;31;A/5. 3336;A16;05:13:12;664
255;0;3;Rosblom, Mrs. Viktor (Helena Wilhelmina);female;40;370129;G212;02:16:28;693
256;1;3;Touma, Mrs. Darwis (Hanne Youssef Razi);female;16;2650;G244;17:58:46;524
257;1;1;Thorne, Mrs. Gertrude Maybelle;female;35;PC 17585;B17;08:42:44;782
258;1;1;Cherry, Miss. Gladys;female;34;110152;C89;01:10:37;529
259;1;1;Ward, Miss. Anna;female;41;PC 17755;B16;07:26:59;656
260;1;2;Parrish, Mrs. (Lutie Davis);female;41;230433;C123;04:15:59;665
261;0;3;Smith, Mr. Thomas;male;41;384461;C123;04:08:49;660
262;1;3;Asplund, Master. Edvin Rojj Felix;male;17;347077;G6;05:59:19;811
263;0;1;Taussig, Mr. Emil;male;36;110413;E51;12:13:28;636
264;0;1;Harrison, Mr. William;male;15;112059;C26;07:03:20;1993
265;0;3;Henry, Miss. Delia;female;46;382649;A204;16:49:18;643
266;0;2;Reeves, Mr. David;male;40;C.A. 17248;C23 C25 C31;14:35:15;771
267;0;3;Panula, Mr. Ernesti Arvid;male;40;3101295;B17;01:39:39;467
268;1;3;Persson, Mr. Ernst Ulrik;male;45;347083;C85;09:42:07;737
269;1;1;Graham, Mrs. William Thompson (Edith Junkins);female;9;PC 17582;C1;21:48:27;769
270;1;1;Bissette, Miss. Amelia;female;28;PC 17760;C123;06:40:04;741
271;0;1;Cairns, Mr. Alexander;male;39;113798;C23 C25 C29;23:03:26;470
272;1;3;Tornquist, Mr. William Henry;male;23;LINE;B17;22:20:42;490
273;1;2;Mellinger, Mrs. (Elizabeth Anne Maidment);female;68;250644;B96 B100;16:20:07;874
274;0;1;Natsch, Mr. Charles H;male;52;PC 17596;B12+H2:H50;14:14:18;789
275;1;3;"Healy, Miss. Hanora ""Nora""";female;69;370375;C85;10:02:17;1390
276;1;1;Andrews, Miss. Kornelia Theodosia;female;17;13502;;14:31:47;482
277;0;3;Lindblom, Miss. Augusta Charlotta;female;37;347073;C123;04:25:29;538
278;0;2;"Parkes, Mr. Francis ""Frank""";male;30;239853;C123;16:54:48;527
279;0;3;Rice, Master. Eric;male;40;382652;G4;18:20:38;495
280;1;3;Abbott, Mrs. Stanton (Rosa Hunt);female;61;C.A. 2673;E49;05:19:46;489
281;0;3;Duane, Mr. Frank;male;47;336439;C24;17:22:35;725
282;0;3;Olsson, Mr. Nils Johan Goransson;male;2;347464;A556;04:43:46;624
283;0;3;de Pelsmaeker, Mr. Alfons;male;52;345778;A645;18:32:58;764
284;1;3;Dorking, Mr. Edward Arthur;male;66;A/5. 10482;G9;07:58:08;792
285;0;1;Smith, Mr. Richard William;male;32;113056;C106;01:15:31;692
286;0;3;Stankovic, Mr. Ivan;male;56;349239;A16;12:36:59;2260
287;1;3;de Mulder, Mr. Theodore;male;41;345774;CT55;21:47:51;748
288;0;3;Naidenoff, Mr. Penko;male;50;349206;C5;04:48:38;548
289;1;2;Hosono, Mr. Masabumi;male;25;237798;A15;04:49:35;770
290;1;3;Connolly, Miss. Kate;female;38;370373;G148;03:18:23;649
291;1;1;"Barber, Miss. Ellen ""Nellie""";female;32;19877;G180;14:00:12;838
292;1;1;Bishop, Mrs. Dickinson H (Helen Walton);female;17;11967;B16;13:22:13;801
293;0;2;Levy, Mr. Rene Jacques;male;25;SC/Paris 2163;C88;21:02:03;501
294;0;3;Haas, Miss. Aloisia;female;23;349236;B15;17:54:52;824
295;0;3;Mineff, Mr. Ivan;male;38;349233;C123;12:34:11;483
296;0;1;Lewy, Mr. Ervin G;male;56;PC 17612;C123;18:04:36;679
297;0;3;Hanna, Mr. Mansour;male;60;2693;G5;17:18:15;1517
298;0;1;Allison, Miss. Helen Loraine;female;70;113781;E50;19:17:35;781
299;1;1;Saalfeld, Mr. Adolphe;male;21;19988;C25;23:07:11;644
300;1;1;Baxter, Mrs. James (Helene DeLaudeniere Chaput);female;37;PC 17558;A203;13:43:44;582
301;1;3;"Kelly, Miss. Anna Katherine ""Annie Kate""";female;52;9234;C23 C25 C30;00:17:29;591
302;1;3;McCoy, Mr. Bernard;male;62;367226;B16;03:27:26;523
303;0;3;Johnson, Mr. William Cahoone Jr;male;66;LINE;C88;14:38:01;756
304;1;2;Keane, Miss. Nora A;female;11;226593;B15;15:31:03;498
305;0;3;"Williams, Mr. Howard Hugh ""Harry""";male;35;A/5 2466;C123;11:19:32;475
306;1;1;Allison, Master. Hudson Trevor;male;31;113781;C123;16:27:51;474
307;1;1;Fleming, Miss. Margaret;female;57;17421;G5;17:18:43;871
308;1;1;Penasco y Castellana, Mrs. Victor de Satode (Maria Josefa Perez de Soto y Vallejo);female;55;PC 17758;E50;18:13:18;2970
309;0;2;Abelson, Mr. Samuel;male;11;P/PP 3381;C25;08:47:05;769
310;1;1;Francatelli, Miss. Laura Mabel;female;11;PC 17485;A734;15:22:00;580
311;1;1;Hays, Miss. Margaret Bechstein;female;3;11767;A823;20:30:53;728
312;1;1;Ryerson, Miss. Emily Borie;female;41;PC 17608;G10;00:20:10;895
313;0;2;Lahtinen, Mrs. William (Anna Sylfven);female;47;250651;C107;12:18:20;842
314;0;3;Hendekovic, Mr. Ignjac;male;66;349243;A17;18:42:42;738
315;0;2;Hart, Mr. Benjamin;male;40;F.C.C. 13529;CT56;16:09:25;500
316;1;3;Nilsson, Miss. Helmina Josefina;female;35;347470;C6;20:03:37;663
317;1;2;Kantor, Mrs. Sinai (Miriam Sternin);female;70;244367;A16;06:23:33;508
318;0;2;Moraweck, Dr. Ernest;male;45;29011;G212;17:55:13;762
319;1;1;Wick, Miss. Mary Natalie;female;30;36928;G244;09:43:57;2541
320;1;1;Spedden, Mrs. Frederic Oakley (Margaretta Corning Stone);female;22;16966;B17;21:38:10;517
321;0;3;Dennis, Mr. Samuel;male;9;A/5 21172;C89;14:52:12;467
322;0;3;Danoff, Mr. Yoto;male;34;349219;B16;23:59:51;721
323;1;2;Slayter, Miss. Hilda Mary;female;50;234818;C123;04:27:42;620
324;1;2;Caldwell, Mrs. Albert Francis (Sylvia Mae Harbaugh);female;47;248738;C123;00:21:51;772
325;0;3;Sage, Mr. George John Jr;male;60;CA. 2343;G6;15:40:30;805
326;1;1;Young, Miss. Marie Grice;female;28;PC 17760;E51;15:54:55;560
327;0;3;Nysveen, Mr. Johan Hansen;male;60;345364;C26;12:42:36;530
328;1;2;Ball, Mrs. (Ada E Hall);female;36;28551;A204;19:14:41;693
329;1;3;Goldsmith, Mrs. Frank John (Emily Alice Brown);female;59;363291;C23 C25 C31;17:10:49;524
330;1;1;Hippach, Miss. Jean Gertrude;female;4;111361;B17;20:17:45;1918
331;1;3;McCoy, Miss. Agnes;female;25;367226;C88;06:50:33;624
332;0;1;Partner, Mr. Austen;male;57;113043;A114;21:37:00;554
333;0;1;Graham, Mr. George Edward;male;11;PC 17582;C123;00:45:23;715
334;0;3;Vander Planke, Mr. Leo Edmondus;male;65;345764;C123;13:51:30;680
335;1;1;Frauenthal, Mrs. Henry William (Clara Heinsheimer);female;39;PC 17611;G6;08:29:32;815
336;0;3;Denkoff, Mr. Mitto;male;13;349225;E51;03:01:53;729
337;0;1;Pears, Mr. Thomas Clinton;male;46;113776;C26;15:39:10;679
338;1;1;Burns, Miss. Elizabeth Margaret;female;22;16966;A912;07:46:36;620
339;1;3;Dahl, Mr. Karl Edwart;male;49;7598;A1001;20:34:39;703
340;0;1;Blackwell, Mr. Stephen Weart;male;44;113784;G11;06:12:44;632
341;1;2;Navratil, Master. Edmond Roger;male;6;230080;C108;01:40:58;2957
342;1;1;Fortune, Miss. Alice Elizabeth;female;22;19950;A18;05:59:03;696
343;0;2;Collander, Mr. Erik Gustaf;male;8;248740;CT57;00:31:15;815
344;0;2;Sedgwick, Mr. Charles Frederick Waddington;male;24;244361;C7;11:26:28;697
345;0;2;Fox, Mr. Stanley Hubert;male;32;229236;A17;20:02:37;897
346;1;2;"Brown, Miss. Amelia ""Mildred""";female;13;248733;G276;07:55:11;835
347;1;2;Smith, Miss. Marion Elsie;female;6;31418;G308;03:56:49;840
348;1;3;Davison, Mrs. Thomas Henry (Mary E Finck);female;59;386525;B18;12:30:42;601
349;1;3;"Coutts, Master. William Loch ""William""";male;37;C.A. 37671;C90;22:01:52;632
350;0;3;Dimic, Mr. Jovan;male;6;315088;B17;04:27:44;880
351;0;3;Odahl, Mr. Nils Martin;male;37;7267;C123;03:40:44;561
352;0;1;Williams-Lambert, Mr. Fletcher Fellows;male;66;113510;C123;15:13:07;2720
353;0;3;Elias, Mr. Tannous;male;25;2695;G7;20:43:23;860
354;0;3;Arnold-Franchi, Mr. Josef;male;8;349237;E52;08:25:36;524
355;0;3;Yousif, Mr. Wazli;male;60;2647;C27;15:05:21;641
356;0;3;Vanden Steen, Mr. Leo Peter;male;50;345783;A205;18:44:27;607
357;1;1;Bowerman, Miss. Elsie Edith;female;68;113505;C23 C25 C32;01:04:04;566
358;0;2;Funk, Miss. Annie Clemmer;female;60;237671;B18;01:03:34;785
359;1;3;McGovern, Miss. Mary;female;24;330931;C85;10:56:48;803
360;1;3;"Mockler, Miss. Helen Mary ""Ellie""";female;50;330980;C1;01:12:00;816
361;0;3;Skoog, Mr. Wilhelm;male;7;347088;C123;02:32:04;789
362;0;2;del Carlo, Mr. Sebastiano;male;70;SC/PARIS 2167;C23 C25 C30;12:32:59;606
363;0;3;Barbara, Mrs. (Catherine David);female;49;2691;B18;08:26:23;1806
364;0;3;Asim, Mr. Adola;male;47;SOTON/O.Q. 3101310;B96 B101;02:04:47;549
365;0;3;O'Brien, Mr. Thomas;male;66;370365;B12+H2:H51;04:21:08;552
366;0;3;Adahl, Mr. Mauritz Nils Martin;male;56;C 7076;C85;18:55:53;827
367;1;1;Warren, Mrs. Frank Manley (Anna Sophia Atkinson);female;13;110813;;00:27:03;582
368;1;3;Moussa, Mrs. (Mantoura Boulos);female;51;2626;C123;03:03:01;692
369;1;3;Jermyn, Miss. Annie;female;21;14313;C123;03:30:32;550
370;1;1;Aubart, Mme. Leontine Pauline;female;2;PC 17477;G5;14:28:33;717
371;1;1;Harder, Mr. George Achilles;male;32;11765;E50;21:47:29;659
372;0;3;Wiklund, Mr. Jakob Alfred;male;46;3101267;C25;11:25:08;465
373;0;3;Beavan, Mr. William Thomas;male;67;323951;A734;13:54:55;584
374;0;1;Ringhini, Mr. Sante;male;51;PC 17760;A823;15:51:47;2424
375;0;3;Palsson, Miss. Stina Viola;female;28;349909;G10;18:11:04;718
376;1;1;Meyer, Mrs. Edgar Joseph (Leila Saks);female;17;PC 17604;C107;20:47:55;679
377;1;3;Landergren, Miss. Aurora Adelia;female;43;C 7077;A17;16:00:43;896
378;0;1;Widener, Mr. Harry Elkins;male;6;113503;CT56;21:59:40;569
379;0;3;Betros, Mr. Tannous;male;10;2648;C6;21:43:46;788
380;0;3;Gustafsson, Mr. Karl Gideon;male;69;347069;A16;00:35:39;711
381;1;1;Bidois, Miss. Rosalie;female;46;PC 17757;G212;00:40:47;861
382;1;3;"Nakid, Miss. Maria (""Mary"")";female;4;2653;G244;13:40:58;716
383;0;3;Tikkanen, Mr. Juho;male;9;STON/O 2. 3101293;B17;01:09:22;719
384;1;1;Holverson, Mrs. Alexander Oskar (Mary Aline Towner);female;41;113789;C89;07:12:26;767
385;0;3;Plotcharsky, Mr. Vasil;male;33;349227;B16;22:46:50;1598
386;0;2;Davies, Mr. Charles Henry;male;15;S.O.C. 14879;C123;00:17:02;874
387;0;3;Goodwin, Master. Sidney Leonard;male;53;CA 2144;C123;06:46:27;677
388;1;2;Buss, Miss. Kate;female;13;27849;G6;18:25:01;877
389;0;3;Sadlier, Mr. Matthew;male;51;367655;E51;23:31:16;596
390;1;2;Lehmann, Miss. Bertha;female;9;SC 1748;C26;09:12:21;846
391;1;1;Carter, Mr. William Ernest;male;12;113760;A204;15:37:44;676
392;1;3;Jansson, Mr. Carl Olof;male;50;350034;C23 C25 C31;23:43:07;688
393;0;3;Gustafsson, Mr. Johan Birger;male;19;3101277;B17;18:27:32;705
394;1;1;Newell, Miss. Marjorie;female;13;35273;C89;07:37:52;527
395;1;3;Sandstrom, Mrs. Hjalmar (Agnes Charlotta Bengtsson);female;48;PP 9549;B16;09:24:37;486
396;0;3;Johansson, Mr. Erik;male;44;350052;C123;11:02:30;2199
397;0;3;Olsson, Miss. Elina;female;55;350407;C123;00:49:20;694
398;0;2;McKane, Mr. Peter David;male;23;28403;G6;09:55:16;896
399;0;2;Pain, Dr. Alfred;male;62;244278;E51;15:30:00;486
400;1;2;Trout, Mrs. William H (Jessie L);female;31;240929;C26;16:59:51;467
401;1;3;Niskanen, Mr. Juha;male;13;STON/O 2. 3101289;A912;15:15:59;522
402;0;3;Adams, Mr. John;male;47;341826;A1001;13:44:05;470
403;0;3;Jussila, Miss. Mari Aina;female;9;4137;G11;20:44:54;894
404;0;3;Hakkarainen, Mr. Pekka Pietari;male;9;STON/O2. 3101279;C108;22:01:31;735
405;0;3;Oreskovic, Miss. Marija;female;15;315096;A18;07:37:03;679
406;0;2;Gale, Mr. Shadrach;male;25;28664;CT57;08:33:48;886
407;0;3;Widegren, Mr. Carl/Charles Peter;male;48;347064;C7;23:56:20;1831
408;1;2;Richards, Master. William Rowe;male;58;29106;A17;20:51:03;755
409;0;3;Birkeland, Mr. Hans Martin Monsen;male;70;312992;G276;13:31:55;739
410;0;3;Lefebre, Miss. Ida;female;54;4133;G308;17:48:23;676
411;0;3;Sdycoff, Mr. Todor;male;19;349222;B18;17:54:45;715
412;0;3;Hart, Mr. Henry;male;67;394140;C90;20:36:56;761
413;1;1;Minahan, Miss. Daisy E;female;48;19928;B17;10:59:30;585
414;0;2;Cunningham, Mr. Alfred Fleming;male;42;239853;C123;18:06:53;715
415;1;3;Sundman, Mr. Johan Julian;male;60;STON/O 2. 3101269;C123;01:37:50;716
416;0;3;Meek, Mrs. Thomas (Annie Louise Rowley);female;6;343095;G7;01:27:52;881
417;1;2;Drew, Mrs. James Vivian (Lulu Thorne Christian);female;69;28220;E52;10:59:18;597
418;1;2;Silven, Miss. Lyyli Karoliina;female;50;250652;C27;22:04:35;1847
419;0;2;Matthews, Mr. William John;male;17;28228;A205;01:48:53;624
420;0;3;Van Impe, Miss. Catharina;female;24;345773;C23 C25 C32;08:54:46;611
421;0;3;Gheorgheff, Mr. Stanio;male;39;349254;B18;03:08:28;747
422;0;3;Charters, Mr. David;male;60;A/5. 13032;C89;14:39:48;842
423;0;3;Zimmerman, Mr. Leo;male;45;315082;A115;17:42:40;744
424;0;3;Danbom, Mrs. Ernst Gilbert (Anna Sigrid Maria Brogren);female;26;347080;C123;22:15:26;491
425;0;3;Rosblom, Mr. Viktor Richard;male;66;370129;C123;15:16:40;467
426;0;3;Wiseman, Mr. Phillippe;male;44;A/4. 34244;G7;23:59:05;644
427;1;2;Clarke, Mrs. Charles V (Ada Maria Winfield);female;35;2003;E52;20:04:45;573
428;1;2;"Phillips, Miss. Kate Florence (""Mrs Kate Louise Phillips Marshall"")";female;47;250655;C27;17:56:33;830
429;0;3;Flynn, Mr. James;male;59;364851;A1090;19:07:41;1617
430;1;3;Pickard, Mr. Berk (Berk Trembisky);male;53;SOTON/O.Q. 392078;A1179;05:40:25;585
431;1;1;Bjornstrom-Steffansson, Mr. Mauritz Hakan;male;54;110564;G12;22:05:18;863
432;1;3;Thorneycroft, Mrs. Percival (Florence Kate White);female;6;376564;C109;23:53:24;513
433;1;2;Louch, Mrs. Charles Alexander (Alice Adelaide Slow);female;30;SC/AH 3085;A19;04:49:59;581
434;0;3;Kallio, Mr. Nikolai Erland;male;9;STON/O 2. 3101274;CT58;12:32:19;551
435;0;1;Silvey, Mr. William Baird;male;18;13507;C8;15:28:31;553
436;1;1;Carter, Miss. Lucile Polk;female;8;113760;A18;20:36:58;582
437;0;3;"Ford, Miss. Doolina Margaret ""Daisy""";female;66;W./C. 6608;G340;07:50:37;538
438;1;2;Richards, Mrs. Sidney (Emily Hocking);female;51;29106;G372;03:16:31;883
439;0;1;Fortune, Mr. Mark;male;63;19950;B19;21:58:51;805
440;0;2;Kvillner, Mr. Johan Henrik Johannesson;male;7;C.A. 18723;C91;06:25:17;2992
441;1;2;Hart, Mrs. Benjamin (Esther Ada Bloomfield);female;29;F.C.C. 13529;B18;14:22:45;611
442;0;3;Hampe, Mr. Leon;male;40;345769;C123;15:35:55;481
443;0;3;Petterson, Mr. Johan Emil;male;7;347076;C123;21:07:20;789
444;1;2;Reynaldo, Ms. Encarnacion;female;50;230434;G8;15:50:15;840
445;1;3;Johannesen-Bratthammer, Mr. Bernt;male;56;65306;E53;21:39:32;775
446;1;1;Dodge, Master. Washington;male;48;33638;C28;00:46:41;720
447;1;2;Mellinger, Miss. Madeleine Violet;female;21;250644;A206;23:58:07;553
448;1;1;Seward, Mr. Frederic Kimber;male;49;113794;C23 C25 C33;17:02:00;832
449;1;3;Baclini, Miss. Marie Catherine;female;17;2666;B19;12:30:58;613
450;1;1;Peuchen, Major. Arthur Godfrey;male;15;113786;C85;16:57:34;683
451;0;2;West, Mr. Edwy Arthur;male;11;C.A. 34651;C1;17:12:48;1462
452;0;3;Hagland, Mr. Ingvald Olai Olsen;male;55;65303;C123;22:35:45;651
453;0;1;Foreman, Mr. Benjamin Laventall;male;65;113051;C23 C25 C31;20:58:15;694
454;1;1;Goldenberg, Mr. Samuel L;male;5;17453;B19;01:33:41;591
455;0;3;Peduzzi, Mr. Joseph;male;53;A/5 2817;B96 B102;15:44:46;836
456;1;3;Jalsevac, Mr. Ivan;male;32;349240;B12+H2:H52;02:31:43;771
457;0;1;Millet, Mr. Francis Davis;male;33;13509;C85;15:54:36;486
458;1;1;Kenyon, Mrs. Frederick R (Marion);female;9;17464;;03:24:50;801
459;1;2;Toomey, Miss. Ellen;female;59;F.C.C. 13531;C123;10:35:27;590
460;0;3;O'Connor, Mr. Maurice;male;24;371060;C123;07:12:00;645
461;1;1;Anderson, Mr. Harry;male;21;19952;G6;10:17:34;679
462;0;3;Morley, Mr. William;male;59;364506;E51;03:22:29;1542
463;0;1;Gee, Mr. Arthur H;male;28;111320;C26;07:01:39;895
464;0;2;Milling, Mr. Jacob Christian;male;17;234360;A912;05:51:15;705
465;0;3;Maisner, Mr. Simon;male;37;A/S 2816;A1001;14:14:14;683
466;0;3;Goncalves, Mr. Manuel Estanslas;male;27;SOTON/O.Q. 3101306;G11;13:38:38;859
467;0;2;Campbell, Mr. William;male;12;239853;C108;06:31:08;674
468;0;1;Smart, Mr. John Montgomery;male;34;113792;A18;04:48:43;864
469;0;3;Scanlan, Mr. James;male;64;36209;CT57;04:37:09;494
470;1;3;Baclini, Miss. Helene Barbara;female;62;2666;C7;21:24:28;774
471;0;3;Keefe, Mr. Arthur;male;62;323592;A17;17:38:05;688
472;0;3;Cacic, Mr. Luka;male;51;315089;G276;12:02:00;574
473;1;2;West, Mrs. Edwy Arthur (Ada Mary Worth);female;6;C.A. 34651;G308;07:27:35;1838
474;1;2;Jerwan, Mrs. Amin S (Marie Marthe Thuillard);female;14;SC/AH Basle 541;B18;13:53:12;743
475;0;3;Strandberg, Miss. Ida Sofia;female;67;7553;C90;21:01:11;573
476;0;1;Clifford, Mr. George Quincy;male;15;110465;B17;03:05:20;610
477;0;2;Renouf, Mr. Peter Henry;male;37;31027;C123;11:06:02;769
478;0;3;Braund, Mr. Lewis Richard;male;36;3460;C123;16:55:21;582
479;0;3;Karlsson, Mr. Nils August;male;37;350060;G7;18:35:00;596
480;1;3;Hirvonen, Miss. Hildur E;female;27;3101298;E52;22:35:52;713
481;0;3;Goodwin, Master. Harold Victor;male;16;CA 2144;C27;12:19:08;823
482;0;2;"Frost, Mr. Anthony Wood ""Archie""";male;7;239854;A205;10:55:33;645
483;0;3;Rouse, Mr. Richard Henry;male;52;A/5 3594;C23 C25 C32;21:27:15;625
484;1;3;Turkula, Mrs. (Hedwig);female;42;4134;B18;02:23:58;2376
485;1;1;Bishop, Mr. Dickinson H;male;12;11967;C90;15:08:18;850
486;0;3;Lefebre, Miss. Jeannie;female;53;4133;B17;10:00:34;551
487;1;1;Hoyt, Mrs. Frederick Maxfield (Jane Anne Forby);female;67;19943;C123;19:19:18;866
488;0;1;Kent, Mr. Edward Austin;male;33;11771;C123;19:01:26;763
489;0;3;Somerton, Mr. Francis William;male;26;A.5. 18509;G7;11:50:16;868
490;1;3;"Coutts, Master. Eden Leslie ""Neville""";male;47;C.A. 37671;E52;08:56:25;516
491;0;3;Hagland, Mr. Konrad Mathias Reiersen;male;54;65304;C27;09:33:16;643
492;0;3;Windelov, Mr. Einar;male;29;SOTON/OQ 3101317;A1090;05:23:51;602
493;0;1;Molson, Mr. Harry Markland;male;38;113787;A1179;01:27:27;541
494;0;1;Artagaveytia, Mr. Ramon;male;24;PC 17609;G12;11:56:59;579
495;0;3;Stanley, Mr. Edward Roland;male;8;A/4 45380;C109;11:04:02;2869
496;0;3;Yousseff, Mr. Gerious;male;8;2627;A19;20:39:42;707
497;1;1;Eustis, Miss. Elizabeth Mussey;female;48;36947;CT58;06:35:27;565
498;0;3;Shellard, Mr. Frederick William;male;35;C.A. 6212;C8;18:44:31;741
499;0;1;Allison, Mrs. Hudson J C (Bessie Waldo Daniels);female;61;113781;A18;11:50:20;808
500;0;3;Svensson, Mr. Olof;male;55;350035;G340;08:51:31;861
501;0;3;Calic, Mr. Petar;male;32;315086;G372;11:43:38;642
502;0;3;Canavan, Miss. Mary;female;4;364846;B19;06:39:23;848
503;0;3;O'Sullivan, Miss. Bridget Mary;female;51;330909;C91;16:23:23;679
504;0;3;Laitinen, Miss. Kristina Sofia;female;36;4135;B18;04:04:14;849
505;1;1;Maioni, Miss. Roberta;female;31;110152;C123;05:09:41;793
506;0;1;Penasco y Castellana, Mr. Victor de Satode;male;60;PC 17758;C123;07:39:02;1672
507;1;2;Quick, Mrs. Frederick Charles (Jane Richards);female;61;26360;G8;11:03:49;846
508;1;1;"Bradley, Mr. George (""George Arthur Brayton"")";male;50;111427;E53;12:36:00;740
509;0;3;Olsen, Mr. Henry Margido;male;30;C 4001;C28;09:42:53;554
510;1;3;Lang, Mr. Fang;male;29;1601;A206;00:28:12;464
511;1;3;Daly, Mr. Eugene Patrick;male;34;382651;C23 C25 C33;01:00:13;662
512;0;3;Webber, Mr. James;male;35;SOTON/OQ 3101316;B19;08:30:20;850
513;1;1;McGough, Mr. James Robert;male;68;PC 17473;C90;23:33:13;849
514;1;1;Rothschild, Mrs. Martin (Elizabeth L. Barrett);female;11;PC 17603;A116;05:22:31;873
515;0;3;Coleff, Mr. Satio;male;29;349209;C123;18:16:42;636
516;0;1;Walker, Mr. William Anderson;male;52;36967;C123;13:07:55;879
517;1;2;Lemore, Mrs. (Amelia Milley);female;41;C.A. 34260;G8;04:05:44;2510
518;0;3;Ryan, Mr. Patrick;male;18;371110;E53;15:35:38;708
519;1;2;"Angle, Mrs. William A (Florence ""Mary"" Agnes Hughes)";female;35;226875;C28;13:19:24;515
520;0;3;Pavlovic, Mr. Stefo;male;46;349242;A1268;04:00:15;596
521;1;1;Perreault, Miss. Anne;female;17;12749;A1357;19:31:03;765
522;0;3;Vovk, Mr. Janko;male;54;349252;G13;19:00:12;747
523;0;3;Lahoud, Mr. Sarkis;male;10;2624;C110;19:24:23;540
524;1;1;Hippach, Mrs. Louis Albert (Ida Sophia Fischer);female;33;111361;A20;20:38:56;842
525;0;3;Kassem, Mr. Fared;male;30;2700;CT59;00:31:04;794
526;0;3;Farrell, Mr. James;male;13;367232;C9;21:45:07;561
527;1;2;Ridsdale, Miss. Lucy;female;60;W./C. 14258;A19;16:08:56;707
528;0;1;Farthing, Mr. John;male;11;PC 17483;G404;00:53:00;2921
529;0;3;Salonen, Mr. Johan Werner;male;38;3101296;G436;04:52:16;829
530;0;2;Hocking, Mr. Richard George;male;60;29104;B20;21:15:40;721
531;1;2;Quick, Miss. Phyllis May;female;55;26360;C92;08:53:04;723
532;0;3;Toufik, Mr. Nakli;male;20;2641;B19;05:00:26;501
533;0;3;Elias, Mr. Joseph Jr;male;66;2690;C123;03:10:51;672
534;1;3;Peter, Mrs. Catherine (Catherine Rizk);female;49;2668;C123;15:27:29;849
535;0;3;Cacic, Miss. Marija;female;15;315084;G9;19:49:31;849
536;1;2;Hart, Miss. Eva Miriam;female;45;F.C.C. 13529;E54;03:13:17;477
537;0;1;Butt, Major. Archibald Willingham;male;35;113050;C29;03:39:41;578
538;1;1;LeRoy, Miss. Bertha;female;54;PC 17761;A207;16:05:10;823
539;0;3;Risien, Mr. Samuel Beard;male;19;364498;C23 C25 C34;13:15:10;1980
540;1;1;Frolicher, Miss. Hedwig Margaritha;female;53;13568;B20;05:40:10;502
541;1;1;Crosby, Miss. Harriet R;female;51;WE/P 5735;C85;04:05:46;821
542;0;3;Andersson, Miss. Ingeborg Constanzia;female;49;347082;C1;00:57:18;847
543;0;3;Andersson, Miss. Sigrid Elisabeth;female;52;347082;C123;07:58:05;546
544;1;2;Beane, Mr. Edward;male;47;2908;C23 C25 C32;09:16:16;490
545;0;1;Douglas, Mr. Walter Donald;male;58;PC 17761;B20;22:41:51;523
546;0;1;Nicholson, Mr. Arthur Ernest;male;65;693;B96 B103;12:04:59;821
547;1;2;Beane, Mrs. Edward (Ethel Clarke);female;52;2908;B12+H2:H53;16:27:02;740
548;1;2;Padro y Manent, Mr. Julian;male;35;SC/PARIS 2146;C85;21:15:53;653
549;0;3;Goldsmith, Mr. Frank John;male;7;363291;;19:28:39;516
550;1;2;Davies, Master. John Morgan Jr;male;38;C.A. 33112;C123;12:21:51;2905
551;1;1;Thayer, Mr. John Borland Jr;male;7;17421;C123;04:53:14;756
552;0;2;Sharp, Mr. Percival James R;male;31;244358;G7;18:19:26;620
553;0;3;O'Brien, Mr. Timothy;male;16;330979;E52;00:23:15;617
554;1;3;"Leeni, Mr. Fahim (""Philip Zenni"")";male;31;2620;C27;19:12:25;606
555;1;3;Ohman, Miss. Velin;female;28;347085;A1090;21:59:08;853
556;0;1;Wright, Mr. George;male;28;113807;A1179;16:31:45;579
557;1;1;"Duff Gordon, Lady. (Lucille Christiana Sutherland) (""Mrs Morgan"")";female;55;11755;G12;13:24:39;791
558;0;1;Robbins, Mr. Victor;male;66;PC 17757;C109;12:16:36;527
559;1;1;Taussig, Mrs. Emil (Tillie Mandelbaum);female;21;110413;A19;09:32:44;828
560;1;3;de Messemaeker, Mrs. Guillaume Joseph (Emma);female;61;345572;CT58;20:58:24;563
561;0;3;Morrow, Mr. Thomas Rowan;male;33;372622;C8;19:27:47;1866
562;0;3;Sivic, Mr. Husein;male;26;349251;A18;10:46:00;740
563;0;2;Norman, Mr. Robert Douglas;male;28;218629;G340;01:06:40;471
564;0;3;Simmons, Mr. John;male;34;SOTON/OQ 392082;G372;21:46:05;475
565;0;3;Meanwell, Miss. (Marion Ogden);female;45;SOTON/O.Q. 392087;B19;19:43:00;489
566;0;3;Davies, Mr. Alfred J;male;7;A/4 48871;C91;07:09:45;622
567;0;3;Stoytcheff, Mr. Ilia;male;25;349205;B18;02:24:39;555
568;0;3;Palsson, Mrs. Nils (Alma Cornelia Berglund);female;68;349909;C123;17:59:40;692
569;0;3;Doharr, Mr. Tannous;male;38;2686;C123;13:18:54;534
570;1;3;Jonsson, Mr. Carl;male;49;350417;G8;09:44:02;742
571;1;2;Harris, Mr. George;male;25;S.W./PP 752;E53;22:24:54;776
572;1;1;Appleton, Mrs. Edward Dale (Charlotte Lamson);female;52;11769;C28;07:08:25;1926
573;1;1;"Flynn, Mr. John Irwin (""Irving"")";male;45;PC 17474;A206;20:09:32;478
574;1;3;Kelly, Miss. Mary;female;32;14312;C23 C25 C33;21:26:23;723
575;0;3;Rush, Mr. Alfred George John;male;33;A/4. 20589;B19;01:28:58;648
576;0;3;Patchett, Mr. George;male;42;358585;C91;18:11:44;840
577;1;2;Garside, Miss. Ethel;female;7;243880;B18;16:01:55;810
578;1;1;Silvey, Mrs. William Baird (Alice Munger);female;25;13507;C123;20:48:25;629
579;0;3;Caram, Mrs. Joseph (Maria Elias);female;8;2689;C123;17:38:31;682
580;1;3;Jussila, Mr. Eiriik;male;22;STON/O 2. 3101286;G8;23:28:37;566
581;1;2;Christy, Miss. Julie Rachel;female;10;237789;E53;03:26:41;673
582;1;1;Thayer, Mrs. John Borland (Marian Longstreth Morris);female;43;17421;C28;06:13:02;707
583;0;2;Downton, Mr. William James;male;4;28403;A1268;12:15:07;2127
584;0;1;Ross, Mr. John Hugo;male;17;13049;A1357;14:18:11;562
585;0;3;Paulner, Mr. Uscher;male;40;3411;G13;11:15:12;650
586;1;1;Taussig, Miss. Ruth;female;4;110413;C110;08:22:06;514
587;0;2;Jarvis, Mr. John Denzil;male;2;237565;A20;21:44:44;555
588;1;1;Frolicher-Stehli, Mr. Maxmillian;male;36;13567;CT59;20:35:58;640
589;0;3;Gilinski, Mr. Eliezer;male;20;14973;C9;15:46:37;594
590;0;3;Murdlin, Mr. Joseph;male;24;A./5. 3235;A19;03:39:17;506
591;0;3;Rintamaki, Mr. Matti;male;16;STON/O 2. 3101273;G404;18:44:43;607
592;1;1;Stephenson, Mrs. Walter Bertram (Martha Eustis);female;40;36947;G436;13:53:37;571
593;0;3;Elsbury, Mr. William James;male;45;A/5 3902;B20;08:37:13;672
594;0;3;Bourke, Miss. Mary;female;34;364848;C92;05:07:17;1978
595;0;2;Chapman, Mr. John Henry;male;56;SC/AH 29037;B19;02:57:04;488
596;0;3;Van Impe, Mr. Jean Baptiste;male;53;345773;C123;10:02:26;724
597;1;2;Leitch, Miss. Jessie Wills;female;52;248727;C123;13:26:10;615
598;0;3;Johnson, Mr. Alfred;male;2;LINE;G9;16:08:39;575
599;0;3;Boulos, Mr. Hanna;male;48;2664;E54;11:05:54;653
600;1;1;"Duff Gordon, Sir. Cosmo Edmund (""Mr Morgan"")";male;41;PC 17485;C29;06:07:50;840
601;1;2;Jacobsohn, Mrs. Sidney Samuel (Amy Frances Christy);female;24;243847;A207;10:59:48;843
602;0;3;Slabenoff, Mr. Petco;male;45;349214;C23 C25 C34;18:49:40;641
603;0;1;Harrington, Mr. Charles H;male;25;113796;B20;01:22:41;666
604;0;3;Torber, Mr. Ernst William;male;42;364511;C91;07:43:39;487
605;1;1;"Homer, Mr. Harry (""Mr E Haven"")";male;67;111426;A117;10:29:45;1570
606;0;3;Lindell, Mr. Edvard Bengtsson;male;55;349910;C123;00:12:12;670
607;0;3;Karaic, Mr. Milan;male;58;349246;C123;12:36:32;482
608;1;1;Daniel, Mr. Robert Williams;male;21;113804;G9;06:14:20;744
609;1;2;Laroche, Mrs. Joseph (Juliette Marie Louise Lafargue);female;3;SC/Paris 2123;E54;13:33:48;551
610;1;1;Shutes, Miss. Elizabeth W;female;44;PC 17582;C29;00:26:48;528
611;0;3;Andersson, Mrs. Anders Johan (Alfrida Konstantia Brogren);female;44;347082;A1446;09:31:47;880
612;0;3;Jardin, Mr. Jose Neto;male;48;SOTON/O.Q. 3101305;A1535;06:50:25;791
613;1;3;Murphy, Miss. Margaret Jane;female;35;367230;G14;14:02:56;894
614;0;3;Horgan, Mr. John;male;22;370377;C111;19:21:48;609
615;0;3;Brocklebank, Mr. William Alfred;male;26;364512;A21;12:52:02;818
616;1;2;Herman, Miss. Alice;female;53;220845;CT60;23:31:30;1549
617;0;3;Danbom, Mr. Ernst Gilbert;male;4;347080;C10;09:16:10;545
618;0;3;Lobb, Mrs. William Arthur (Cordelia K Stanlick);female;50;A/5. 3336;A20;16:26:32;707
619;1;2;Becker, Miss. Marion Louise;female;60;230136;G468;05:15:32;491
620;0;2;Gavey, Mr. Lawrence;male;26;31028;G500;07:47:47;835
621;0;3;Yasbeck, Mr. Antoni;male;5;2659;B21;19:10:25;897
622;1;1;Kimball, Mr. Edwin Nelson Jr;male;12;11753;C93;09:50:47;614
623;1;3;Nakid, Mr. Sahid;male;11;2653;B20;02:11:55;504
624;0;3;Hansen, Mr. Henry Damsgaard;male;69;350029;C123;17:31:18;813
625;0;3;"Bowen, Mr. David John ""Dai""";male;49;54636;C123;20:57:20;761
626;0;1;Sutton, Mr. Frederick;male;57;36963;G10;01:23:45;876
627;0;2;Kirkland, Rev. Charles Leonard;male;33;219533;E55;07:20:02;2240
628;1;1;Longley, Miss. Gretchen Fiske;female;36;13502;C30;14:10:43;843
629;0;3;Bostandyeff, Mr. Guentcho;male;31;349224;A208;13:02:17;646
630;0;3;O'Connell, Mr. Patrick D;male;54;334912;C23 C25 C35;00:19:27;575
631;1;1;Barkworth, Mr. Algernon Henry Wilson;male;28;27042;B21;05:15:20;655
632;0;3;Lundahl, Mr. Johan Svensson;male;40;347743;C85;09:11:19;899
633;1;1;Stahelin-Maeglin, Dr. Max;male;48;13214;C1;23:36:40;827
634;0;1;Parr, Mr. William Henry Marsh;male;55;112052;C123;01:24:27;830
635;0;3;Skoog, Miss. Mabel;female;62;347088;C23 C25 C33;08:26:32;731
636;1;2;Davis, Miss. Mary;female;32;237668;B21;18:50:26;533
637;0;3;Leinonen, Mr. Antti Gustaf;male;9;STON/O 2. 3101292;B96 B104;22:52:27;582
638;0;2;Collyer, Mr. Harvey;male;57;C.A. 31921;B12+H2:H54;22:44:54;2023
639;0;3;Panula, Mrs. Juha (Maria Emilia Ojala);female;23;3101295;C85;14:31:43;511
640;0;3;Thorneycroft, Mr. Percival;male;11;376564;;23:02:42;886
641;0;3;Jensen, Mr. Hans Peder;male;10;350050;C123;04:12:23;797
642;1;1;Sagesser, Mlle. Emma;female;3;PC 17477;C123;19:19:10;633
643;0;3;Skoog, Miss. Margit Elizabeth;female;15;347088;G8;01:16:54;593
644;1;3;Foo, Mr. Choong;male;9;1601;E53;13:39:15;600
645;1;3;Baclini, Miss. Eugenie;female;5;2666;C28;23:05:16;791
646;1;1;Harper, Mr. Henry Sleeper;male;57;PC 17572;A1268;00:38:52;784
647;0;3;Cor, Mr. Liudevit;male;55;349231;A1357;09:53:36;630
648;1;1;Simonius-Blumer, Col. Oberst Alfons;male;67;13213;G13;14:32:57;594
649;0;3;Willey, Mr. Edward;male;26;S.O./P.P. 751;C110;11:16:44;2125
650;1;3;Stanley, Miss. Amy Zillah Elsie;female;5;CA. 2314;A20;12:10:28;613
651;0;3;Mitkoff, Mr. Mito;male;33;349221;CT59;00:21:20;871
652;1;2;Doling, Miss. Elsie;female;4;231919;C9;15:11:12;562
653;0;3;Kalvik, Mr. Johannes Halvorsen;male;49;8475;A19;06:35:10;596
654;1;3;"O'Leary, Miss. Hanora ""Norah""";female;61;330919;G404;22:25:38;648
655;0;3;"Hegarty, Miss. Hanora ""Nora""";female;49;365226;G436;19:37:58;705
656;0;2;Hickman, Mr. Leonard Mark;male;69;S.O.C. 14879;B20;10:16:06;743
657;0;3;Radeff, Mr. Alexander;male;70;349223;C92;09:56:59;701
658;0;3;Bourke, Mrs. John (Catherine);female;42;364849;B19;14:25:00;771
659;0;2;Eitemiller, Mr. George Floyd;male;27;29751;C123;04:41:43;579
660;0;1;Newell, Mr. Arthur Webster;male;61;35273;C123;21:18:27;2823
661;1;1;Frauenthal, Dr. Henry William;male;40;PC 17611;G9;12:32:10;820
662;0;3;Badt, Mr. Mohamed;male;62;2623;E54;03:47:37;780
663;0;1;Colley, Mr. Edward Pomeroy;male;34;5727;C29;21:45:20;871
664;0;3;Coleff, Mr. Peju;male;37;349210;A207;13:02:55;561
665;1;3;Lindqvist, Mr. Eino William;male;17;STON/O 2. 3101285;C23 C25 C34;23:45:03;754
666;0;2;Hickman, Mr. Lewis;male;22;S.O.C. 14879;B20;00:08:53;889
667;0;2;Butler, Mr. Reginald Fenton;male;40;234686;C92;16:19:30;774
668;0;3;Rommetvedt, Mr. Knud Paust;male;61;312993;B19;15:39:36;597
669;0;3;Cook, Mr. Jacob;male;27;A/5 3536;C123;03:48:41;700
670;1;1;Taylor, Mrs. Elmer Zebley (Juliet Cummins Wright);female;11;19996;C123;23:57:55;684
671;1;2;Brown, Mrs. Thomas William Solomon (Elizabeth Catherine Ford);female;38;29750;G9;23:19:07;1703
672;0;1;Davidson, Mr. Thornton;male;61;F.C. 12750;E54;16:46:49;889
673;0;2;Mitchell, Mr. Henry Michael;male;28;C.A. 24580;C29;11:47:47;695
674;1;2;Wilhelms, Mr. Charles;male;15;244270;A1446;10:33:18;769
675;0;2;Watson, Mr. Ennis Hastings;male;4;239856;A1535;23:50:19;615
676;0;3;Edvardsson, Mr. Gustaf Hjalmar;male;37;349912;G14;00:43:32;632
677;0;3;Sawyer, Mr. Frederick Charles;male;50;342826;C111;04:11:19;470
678;1;3;Turja, Miss. Anna Sofia;female;14;4138;A21;02:03:37;693
679;0;3;Goodwin, Mrs. Frederick (Augusta Tyler);female;56;CA 2144;CT60;18:15:54;522
680;1;1;Cardeza, Mr. Thomas Drake Martinez;male;56;PC 17755;C10;02:56:13;501
681;0;3;Peters, Miss. Katie;female;9;330935;A20;00:09:07;692
682;1;1;Hassab, Mr. Hammad;male;33;PC 17572;G468;17:54:04;1998
683;0;3;Olsvigen, Mr. Thor Anderson;male;58;6563;G500;20:04:42;744
684;0;3;Goodwin, Mr. Charles Edward;male;13;CA 2144;B21;10:19:47;590
685;0;2;Brown, Mr. Thomas William Solomon;male;51;29750;C93;02:17:19;862
686;0;2;Laroche, Mr. Joseph Philippe Lemercier;male;19;SC/Paris 2123;B20;01:29:41;625
687;0;3;Panula, Mr. Jaako Arnold;male;27;3101295;C123;04:14:01;858
688;0;3;Dakic, Mr. Branko;male;13;349228;C123;17:46:14;647
689;0;3;Fischer, Mr. Eberhard Thelander;male;56;350036;G10;11:10:04;487
690;1;1;Madill, Miss. Georgette Alexandra;female;53;24160;E55;23:19:05;682
691;1;1;Dick, Mr. Albert Adrian;male;56;17474;C30;16:40:54;543
692;1;3;Karun, Miss. Manca;female;33;349256;A208;09:21:30;673
693;1;3;Lam, Mr. Ali;male;67;1601;C23 C25 C35;15:06:07;2649
694;0;3;Saad, Mr. Khalil;male;23;2672;B21;17:58:09;556
695;0;1;Weir, Col. John;male;50;113800;C92;03:17:11;677
696;0;2;Chapman, Mr. Charles Henry;male;68;248731;A118;20:17:08;517
697;0;3;Kelly, Mr. James;male;14;363592;C123;10:56:25;501
698;1;3;"Mullens, Miss. Katherine ""Katie""";female;33;35852;C123;00:44:05;825
699;0;1;Thayer, Mr. John Borland;male;16;17421;G10;11:07:00;520
700;0;3;Humblen, Mr. Adolf Mathias Nicolai Olsen;male;57;348121;E55;09:03:10;477
701;1;1;Astor, Mrs. John Jacob (Madeleine Talmadge Force);female;58;PC 17757;C30;23:39:28;864
702;1;1;Silverthorne, Mr. Spencer Victor;male;51;PC 17475;A1624;03:54:25;642
703;0;3;Barbara, Miss. Saiide;female;7;2691;A1713;15:33:42;721
704;0;3;Gallagher, Mr. Martin;male;42;36864;G15;07:23:14;1691
705;0;3;Hansen, Mr. Henrik Juul;male;26;350025;C112;19:39:51;849
706;0;2;"Morley, Mr. Henry Samuel (""Mr Henry Marshall"")";male;58;250655;A22;08:17:13;864
707;1;2;"Kelly, Mrs. Florence ""Fannie""";female;62;223596;CT61;05:37:37;830
708;1;1;Calderhead, Mr. Edward Pennington;male;16;PC 17476;C11;01:41:25;637
709;1;1;Cleaver, Miss. Alice;female;27;113781;A21;04:54:14;571
710;1;3;"Moubarek, Master. Halim Gonios (""William George"")";male;25;2661;G532;23:46:48;592
711;1;1;"Mayne, Mlle. Berthe Antonine (""Mrs de Villiers"")";female;67;PC 17482;G564;00:03:40;818
712;0;1;Klaber, Mr. Herman;male;63;113028;B22;20:37:33;505
713;1;1;Taylor, Mr. Elmer Zebley;male;28;19996;C94;10:25:52;798
714;0;3;Larsson, Mr. August Viktor;male;22;7545;B21;14:09:55;524
715;0;2;Greenberg, Mr. Samuel;male;23;250647;C123;22:17:41;1715
716;0;3;Soholt, Mr. Peter Andreas Lauritz Andersen;male;19;348124;C123;05:41:47;761
717;1;1;Endres, Miss. Caroline Louise;female;61;PC 17757;G11;21:29:02;755
718;1;2;"Troutt, Miss. Edwina Celia ""Winnie""";female;27;34218;E56;18:16:18;463
719;0;3;McEvoy, Mr. Michael;male;3;36568;C31;17:01:25;593
720;0;3;Johnson, Mr. Malkolm Joackim;male;8;347062;A209;12:46:15;765
721;1;2;"Harper, Miss. Annie Jessie ""Nina""";female;57;248727;C23 C25 C36;21:41:07;867
722;0;3;Jensen, Mr. Svend Lauritz;male;40;350048;B22;19:51:30;635
723;0;2;Gillespie, Mr. William Henry;male;56;12233;C85;12:26:24;528
724;0;2;Hodges, Mr. Henry Price;male;30;250643;C1;00:03:03;767
725;1;1;Chambers, Mr. Norman Campbell;male;23;113806;C123;04:09:22;469
726;0;3;Oreskovic, Mr. Luka;male;37;315094;C23 C25 C34;19:07:28;1967
727;1;2;Renouf, Mrs. Peter Henry (Lillian Jefferys);female;45;31027;B22;00:25:40;763
728;1;3;Mannion, Miss. Margareth;female;31;36866;B96 B105;11:39:35;577
729;0;2;Bryhl, Mr. Kurt Arnold Gottfrid;male;49;236853;B12+H2:H55;13:36:56;866
730;0;3;Ilmakangas, Miss. Pieta Sofia;female;46;STON/O2. 3101271;C85;12:14:20;830
731;1;1;Allen, Miss. Elisabeth Walton;female;68;24160;;14:00:20;748
732;0;3;Hassan, Mr. Houssein G N;male;27;2699;C123;07:01:04;729
733;0;2;Knight, Mr. Robert J;male;58;239855;C123;13:51:01;757
734;0;2;Berriman, Mr. William John;male;58;28425;G9;15:34:21;747
735;0;2;Troupiansky, Mr. Moses Aaron;male;34;233639;E54;09:19:11;633
736;0;3;Williams, Mr. Leslie;male;55;54636;C29;16:46:36;517
737;0;3;Ford, Mrs. Edward (Margaret Ann Watson);female;7;W./C. 6608;A1446;21:43:01;1512
738;1;1;Lesurer, Mr. Gustave J;male;7;PC 17755;A1535;07:19:19;520
739;0;3;Ivanoff, Mr. Kanio;male;21;349201;G14;02:36:11;741
740;0;3;Nankoff, Mr. Minko;male;17;349218;C111;18:53:46;809
741;1;1;Hawksford, Mr. Walter James;male;63;16988;A21;12:08:21;845
742;0;1;Cavendish, Mr. Tyrell William;male;67;19877;CT60;04:05:12;460
743;1;1;"Ryerson, Miss. Susan Parker ""Suzette""";female;25;PC 17608;C10;21:09:55;864
744;0;3;McNamee, Mr. Neal;male;25;376566;A20;23:41:31;610
745;1;3;Stranden, Mr. Juho;male;4;STON/O 2. 3101288;G468;06:58:45;688
746;0;1;Crosby, Capt. Edward Gifford;male;66;WE/P 5735;G500;20:54:56;674
747;0;3;Abbott, Mr. Rossmore Edward;male;64;C.A. 2673;B21;08:40:49;599
748;1;2;Sinkkonen, Miss. Anna;female;2;250648;C93;12:52:13;1874
749;0;1;Marvin, Mr. Daniel Warner;male;29;113773;B20;10:41:39;710
750;0;3;Connaghton, Mr. Michael;male;9;335097;C123;18:35:08;660
751;1;2;Wells, Miss. Joan;female;30;29103;C123;21:29:37;824
752;1;3;Moor, Master. Meier;male;58;392096;G10;10:13:12;582
753;0;3;Vande Velde, Mr. Johannes Joseph;male;7;345780;E55;04:57:13;476
754;0;3;Jonkoff, Mr. Lalio;male;13;349204;C30;18:19:29;759
755;1;2;Herman, Mrs. Samuel (Jane Laver);female;57;220845;A208;20:16:31;617
756;1;2;Hamalainen, Master. Viljo;male;64;250649;C23 C25 C35;02:25:43;488
757;0;3;Carlsson, Mr. August Sigfrid;male;50;350042;B21;22:38:02;856
758;0;2;Bailey, Mr. Percy Andrew;male;36;29108;C93;13:44:33;862
759;0;3;Theobald, Mr. Thomas Leonard;male;46;363294;B20;19:57:09;2582
760;1;1;Rothes, the Countess. of (Lucy Noel Martha Dyer-Edwards);female;49;110152;C123;02:39:16;719
761;0;3;Garfirth, Mr. John;male;53;358585;C123;06:49:10;774
762;0;3;Nirva, Mr. Iisakki Antino Aijo;male;27;SOTON/O2 3101272;G10;01:01:55;601
763;1;3;Barah, Mr. Hanna Assi;male;31;2663;E55;18:58:07;568
764;1;1;Carter, Mrs. William Ernest (Lucile Polk);female;64;113760;C30;05:24:10;701
765;0;3;Eklund, Mr. Hans Linus;male;55;347074;A1624;00:36:13;465
766;1;1;Hogeboom, Mrs. John C (Anna Andrews);female;50;13502;A1713;17:26:01;732
767;0;1;Brewe, Dr. Arthur Jackson;male;5;112379;G15;13:28:10;649
768;0;3;Mangan, Miss. Mary;female;48;364850;C112;02:53:07;620
769;0;3;Moran, Mr. Daniel J;male;60;371110;A22;03:07:48;601
770;0;3;Gronnestad, Mr. Daniel Danielsen;male;32;8471;CT61;12:00:56;2367
771;0;3;Lievens, Mr. Rene Aime;male;69;345781;C11;13:04:23;743
772;0;3;Jensen, Mr. Niels Peder;male;69;350047;A21;18:28:33;543
773;0;2;Mack, Mrs. (Mary);female;43;S.O./P.P. 3;G532;07:42:10;465
774;0;3;Elias, Mr. Dibo;male;21;2674;G564;00:14:55;532
775;1;2;Hocking, Mrs. Elizabeth (Eliza Needs);female;23;29105;B22;18:05:33;663
776;0;3;Myhrman, Mr. Pehr Fabian Oliver Malkolm;male;10;347078;C94;05:47:21;614
777;0;3;Tobin, Mr. Roger;male;44;383121;B21;23:22:56;600
778;1;3;Emanuel, Miss. Virginia Ethel;female;7;364516;C123;02:55:55;745
779;0;3;Kilgannon, Mr. Thomas J;male;49;36865;C123;23:05:30;523
780;1;1;Robert, Mrs. Edward Scott (Elisabeth Walton McMillan);female;31;24160;G11;20:05:00;555
781;1;3;Ayoub, Miss. Banoura;female;58;2687;E56;18:52:13;2263
782;1;1;Dick, Mrs. Albert Adrian (Vera Gillespie);female;50;17474;C31;23:59:24;667
783;0;1;Long, Mr. Milton Clyde;male;25;113501;A209;04:16:48;868
784;0;3;Johnston, Mr. Andrew G;male;24;W./C. 6607;C23 C25 C36;08:48:01;818
785;0;3;Ali, Mr. William;male;64;SOTON/O.Q. 3101312;B22;03:29:04;469
786;0;3;Harmer, Mr. Abraham (David Lishin);male;47;374887;C93;23:07:14;821
787;1;3;Sjoblom, Miss. Anna Sofia;female;49;3101265;A119;13:41:22;886
788;0;3;Rice, Master. George Hugh;male;68;382652;C123;21:16:42;519
789;1;3;Dean, Master. Bertram Vere;male;31;C.A. 2315;C123;10:39:11;876
790;0;1;Guggenheim, Mr. Benjamin;male;20;PC 17593;G11;23:17:41;501
791;0;3;"Keane, Mr. Andrew ""Andy""";male;65;12460;E56;06:20:07;551
792;0;2;Gaskell, Mr. Alfred;male;24;239865;C31;16:39:53;2926
793;0;3;Sage, Miss. Stella Anna;female;33;CA. 2343;A1802;16:23:06;608
794;0;1;Hoyt, Mr. William Fisher;male;48;PC 17600;A1891;08:32:54;569
795;0;3;Dantcheff, Mr. Ristiu;male;49;349203;G16;13:30:57;681
796;0;2;Otter, Mr. Richard;male;25;28213;C113;22:38:59;773
797;1;1;Leader, Dr. Alice (Farnham);female;26;17465;A23;14:09:38;695
798;1;3;Osman, Mrs. Mara;female;51;349244;CT62;06:01:44;590
799;0;3;Ibrahim Shawah, Mr. Yousseff;male;57;2685;C12;08:38:10;729
800;0;3;Van Impe, Mrs. Jean Baptiste (Rosalie Paula Govaert);female;62;345773;A22;17:47:47;717
801;0;2;Ponesell, Mr. Martin;male;30;250647;G596;13:15:07;735
802;1;2;Collyer, Mrs. Harvey (Charlotte Annie Tate);female;29;C.A. 31921;G628;11:48:44;638
803;1;1;Carter, Master. William Thornton II;male;9;113760;B23;16:57:13;1794
804;1;3;Thomas, Master. Assad Alexander;male;33;2625;C95;03:48:24;673
805;1;3;Hedman, Mr. Oskar Arvid;male;67;347089;B22;16:06:12;810
806;0;3;Johansson, Mr. Karl Johan;male;3;347063;C123;05:23:58;541
807;0;1;Andrews, Mr. Thomas Jr;male;51;112050;C123;19:45:59;630
808;0;3;Pettersson, Miss. Ellen Natalia;female;27;347087;G12;11:47:02;811
809;0;2;Meyer, Mr. August;male;51;248723;E57;07:22:18;800
810;1;1;Chambers, Mrs. Norman Campbell (Bertha Griggs);female;22;113806;C32;05:38:15;881
811;0;3;Alexander, Mr. William;male;8;3474;A210;04:37:32;707
812;0;3;Lester, Mr. James;male;61;A/4 48871;C23 C25 C37;09:45:17;826
813;0;2;Slemen, Mr. Richard James;male;20;28206;B23;09:58:04;872
814;0;3;Andersson, Miss. Ebba Iris Alfrida;female;48;347082;C85;15:56:47;2733
815;0;3;Tomlin, Mr. Ernest Portage;male;60;364499;C1;13:22:25;770
816;0;1;Fry, Mr. Richard;male;68;112058;C123;11:27:48;809
817;0;3;Heininen, Miss. Wendla Maria;female;68;STON/O2. 3101290;C23 C25 C35;12:34:09;808
818;0;2;Mallet, Mr. Albert;male;49;S.C./PARIS 2079;B23;15:33:45;882
819;0;3;Holm, Mr. John Fredrik Alexander;male;3;C 7075;B96 B106;15:31:12;661
820;0;3;Skoog, Master. Karl Thorsten;male;15;347088;B12+H2:H56;17:50:50;841
821;1;1;Hays, Mrs. Charles Melville (Clara Jennings Gregg);female;11;12749;C85;04:20:03;636
822;1;3;Lulic, Mr. Nikola;male;2;315098;;21:19:06;698
823;0;1;Reuchlin, Jonkheer. John George;male;8;19972;C123;09:01:23;837
824;1;3;Moor, Mrs. (Beila);female;27;392096;C123;10:02:44;839
825;0;3;Panula, Master. Urho Abraham;male;34;3101295;G10;04:49:41;2466
826;0;3;Flynn, Mr. John;male;2;368323;E55;13:09:33;880
827;0;3;Lam, Mr. Len;male;42;1601;C30;15:23:45;612
828;1;2;Mallet, Master. Andre;male;50;S.C./PARIS 2079;A1624;14:00:37;588
829;1;3;McCormack, Mr. Thomas Joseph;male;4;367228;A1713;16:08:49;739
830;1;1;Stone, Mrs. George Nelson (Martha Evelyn);female;19;113572;G15;00:06:59;549
831;1;3;Yasbeck, Mrs. Antoni (Selini Alexander);female;63;2659;C112;20:52:48;883
832;1;2;Richards, Master. George Sibley;male;12;29106;A22;07:48:17;532
833;0;3;Saad, Mr. Amin;male;15;2671;CT61;18:56:14;569
834;0;3;Augustsson, Mr. Albert;male;59;347468;C11;02:40:25;877
835;0;3;Allum, Mr. Owen George;male;39;2223;A21;19:12:12;869
836;1;1;Compton, Miss. Sara Rebecca;female;11;PC 17756;G532;04:44:16;1939
837;0;3;Pasic, Mr. Jakob;male;22;315097;G564;21:38:08;899
838;0;3;Sirota, Mr. Maurice;male;43;392092;B22;14:43:23;655
839;1;3;Chip, Mr. Chang;male;35;1601;C94;12:12:08;829
840;1;1;Marechal, Mr. Pierre;male;3;11774;B21;13:16:37;828
841;0;3;Alhomaki, Mr. Ilmari Rudolf;male;54;SOTON/O2 3101287;C123;01:01:56;589
842;0;2;Mudd, Mr. Thomas Charles;male;39;S.O./P.P. 3;C123;12:10:57;576
843;1;1;Serepeca, Miss. Augusta;female;54;113798;G11;22:33:46;641
844;0;3;Lemberopolous, Mr. Peter L;male;32;2683;E56;07:38:23;492
845;0;3;Culumovic, Mr. Jeso;male;12;315090;C31;11:43:18;774
846;0;3;Abbing, Mr. Anthony;male;16;C.A. 5547;A209;04:25:42;680
847;0;3;Sage, Mr. Douglas Bullen;male;12;CA. 2343;C23 C25 C36;01:50:33;2269
848;0;3;Markoff, Mr. Marin;male;49;349213;B22;21:21:04;570
849;0;2;Harper, Rev. John;male;69;248727;C94;15:27:26;749
850;1;1;Goldenberg, Mrs. Samuel L (Edwiga Grabowska);female;31;17453;B21;09:24:18;806
851;0;3;Andersson, Master. Sigvard Harald Elias;male;27;347082;C123;03:32:52;710
852;0;3;Svensson, Mr. Johan;male;27;347060;C123;21:14:13;488
853;0;3;Boulos, Miss. Nourelain;female;56;2678;G11;20:18:29;801
854;1;1;Lines, Miss. Mary Conover;female;14;PC 17592;E56;06:23:12;688
855;0;2;Carter, Mrs. Ernest Courtenay (Lilian Hughes);female;6;244252;C31;12:00:31;579
856;1;3;Aks, Mrs. Sam (Leah Rosen);female;49;392091;A1802;19:35:24;670
857;1;1;Wick, Mrs. George Dennick (Mary Hitchcock);female;60;36928;A1891;04:26:44;567
858;1;1;Daly, Mr. Peter Denis ;male;62;113055;G16;17:35:00;1495
859;1;3;Baclini, Mrs. Solomon (Latifa Qurban);female;4;2666;C113;19:09:49;777
860;0;3;Razi, Mr. Raihed;male;2;2629;A23;00:49:13;607
861;0;3;Hansen, Mr. Claus Peter;male;31;350026;CT62;13:42:46;750
862;0;2;Giles, Mr. Frederick Edward;male;58;28134;C12;18:09:09;676
863;1;1;Swift, Mrs. Frederick Joel (Margaret Welles Barron);female;42;17466;A22;01:35:50;817
864;0;3;"Sage, Miss. Dorothy Edith ""Dolly""";female;14;CA. 2343;G596;23:38:23;824
865;0;2;Gill, Mr. John William;male;27;233866;G628;20:30:25;557
866;1;2;Bystrom, Mrs. (Karolina);female;27;236852;B23;17:18:59;460
867;1;2;Duran y More, Miss. Asuncion;female;67;SC/PARIS 2149;C95;09:11:02;721
868;0;1;Roebling, Mr. Washington Augustus II;male;21;PC 17590;B22;10:47:30;554
869;0;3;van Melkebeke, Mr. Philemon;male;32;345777;C123;06:54:58;1620
870;1;3;Johnson, Master. Harold Theodor;male;40;347742;C123;17:37:43;489
871;0;3;Balkic, Mr. Cerin;male;28;349248;G12;22:12:42;639
872;1;1;Beckwith, Mrs. Richard Leonard (Sallie Monypeny);female;60;11751;E57;04:07:41;743
873;0;1;Carlsson, Mr. Frans Olof;male;9;695;C32;23:29:31;849
874;0;3;Vander Cruyssen, Mr. Victor;male;62;345765;A210;12:24:49;631
875;1;2;Abelson, Mrs. Samuel (Hannah Wizosky);female;49;P/PP 3381;C23 C25 C37;23:35:31;686
876;1;3;"Najib, Miss. Adele Kiamie ""Jane""";female;65;2667;B23;17:05:50;608
877;0;3;Gustafsson, Mr. Alfred Ossian;male;61;7534;C94;18:38:01;525
878;0;3;Petroff, Mr. Nedelio;male;6;349212;A120;03:34:58;616
879;0;3;Laleff, Mr. Kristo;male;13;349217;C123;18:27:38;725
880;1;1;Potter, Mrs. Thomas Jr (Lily Alexenia Wilson);female;14;11767;C123;12:34:29;2818
881;1;2;Shelley, Mrs. William (Imanita Parrish Hall);female;70;230433;G12;13:14:04;824
882;0;3;Markun, Mr. Johann;male;35;349257;E57;17:08:20;510
883;0;3;Dahlberg, Miss. Gerda Ulrika;female;16;7552;C32;12:21:08;885
884;0;2;Banfield, Mr. Frederick James;male;34;C.A./SOTON 34068;A1980;23:19:22;466
885;0;3;Sutehall, Mr. Henry Jr;male;36;SOTON/OQ 392076;A2069;22:20:46;867
886;0;3;Rice, Mrs. William (Margaret Norton);female;22;382652;G17;20:30:23;705
887;0;2;Montvila, Rev. Juozas;male;14;211536;C114;23:14:31;799
888;1;1;Graham, Miss. Margaret Edith;female;5;112053;A24;16:02:47;698
889;0;3;"Johnston, Miss. Catherine Helen ""Carrie""";female;28;W./C. 6607;CT63;10:11:27;522
890;1;1;Behr, Mr. Karl Howell;male;7;111369;C13;00:32:20;603
891;0;3;Dooley, Mr. Patrick;male;28;370376;A23;07:21:02;2256
